question_id,question,evidence,rationale,answer,completion_tokens,prompt_tokens,total_tokens,seconds,model,chat_mode,date,md5,#batches,run_number
1,Does the paper report HIV sequences from patient samples?,"A retrospective dataset of 354 antiretroviral drug resistant genotypes from children failing either abacavir (n = 81) or stavudine (n = 273) based 1 ^st^ -line regimens, was analysed. Samples were sent to the HIV genotyping laboratory at Charlotte Maxeke Johannesburg Academic Hospital, for routine testing.","The evidence clearly states that a dataset of HIV genotypes was analyzed, indicating that HIV sequences from patient samples were indeed reported in the paper.",Yes,1666,8303,9969,21,gpt-4o-mini-2024-07-18,"multi_questions, all_content, wo_cheatsheet",20240806,41d95d6357fd87f1c786b12398e113e1,1,1
2,Does the paper report in vitro drug susceptibility data?,The presence of the K65R mutation was more common after abacavir pressure (12.3% vs 1.8%). The frequency of reduced susceptibility to didanosine was substantial in the abacavir-exposed group (69.1%).,"The evidence discusses the prevalence of mutations associated with drug resistance and reduced susceptibility, which implies that the study includes data related to drug susceptibility, although it does not explicitly mention in vitro testing.",Yes,1666,8303,9969,21,gpt-4o-mini-2024-07-18,"multi_questions, all_content, wo_cheatsheet",20240806,41d95d6357fd87f1c786b12398e113e1,1,1
3,What were the GenBank accession numbers for sequenced HIV isolates?,The *pol* nucleotide sequences were submitted to GenBank using Sequin v9.50 (www.ncbi.nlm.nih.gov/Sequin) and are available under accession numbers KJ176285 to KJ176654.,"The evidence provides specific accession numbers for the sequenced HIV isolates, indicating that this information is clearly reported in the paper.",KJ176285 to KJ176654,1666,8303,9969,21,gpt-4o-mini-2024-07-18,"multi_questions, all_content, wo_cheatsheet",20240806,41d95d6357fd87f1c786b12398e113e1,1,1
4,Which HIV species were studied in the paper?,This study provides important insights into the HIV-1 antiretroviral drug resistance profile in South African children failing prevailing 1 ^st^ -line ART regimens.,"The evidence specifies that the study focuses on HIV-1, indicating that this is the species studied in the paper.",HIV-1,1666,8303,9969,21,gpt-4o-mini-2024-07-18,"multi_questions, all_content, wo_cheatsheet",20240806,41d95d6357fd87f1c786b12398e113e1,1,1
5,Which HIV genes were reported to have been sequenced?,The protease (PR) and reverse transcriptase (RT) nucleotide sequences were obtained using the ViroSeq HIV-1 Genotyping Assay.,"The evidence mentions the specific genes sequenced, which are the protease and reverse transcriptase genes, indicating that these are the genes reported in the study.","Protease, PR; Reverse transcriptase, RT",1666,8303,9969,21,gpt-4o-mini-2024-07-18,"multi_questions, all_content, wo_cheatsheet",20240806,41d95d6357fd87f1c786b12398e113e1,1,1
6,From which countries were the sequenced samples obtained?,The HIV Genotyping Laboratory at Charlotte Maxeke Johannesburg Academic Hospital accepts and processes samples for HIV drug resistance testing from any government health facility in the country.,"The evidence indicates that the samples were obtained from South Africa, as it mentions the specific laboratory located there.",South Africa,1666,8303,9969,21,gpt-4o-mini-2024-07-18,"multi_questions, all_content, wo_cheatsheet",20240806,41d95d6357fd87f1c786b12398e113e1,1,1
7,From what years were the sequenced samples obtained?,The data retrieval was limited to sequences obtained from samples collected between 2009 and 2012.,"The evidence provides a specific range of years during which the samples were collected, indicating the timeframe of the study.",2009 to 2012,1666,8303,9969,21,gpt-4o-mini-2024-07-18,"multi_questions, all_content, wo_cheatsheet",20240806,41d95d6357fd87f1c786b12398e113e1,1,1
8,What method was used for sequencing?,"The protease (PR) and reverse transcriptase (RT) nucleotide sequences were obtained using the ViroSeq HIV-1 Genotyping Assay (Abbott Molecular, Illinois, USA) or the in-house genotyping protocol.","The evidence specifies the use of the ViroSeq HIV-1 Genotyping Assay, which is a Sanger sequencing method, indicating that this is the method used for sequencing in the study.",Sanger sequencing,1666,8303,9969,21,gpt-4o-mini-2024-07-18,"multi_questions, all_content, wo_cheatsheet",20240806,41d95d6357fd87f1c786b12398e113e1,1,1
9,Were samples cloned prior to sequencing?,No evidence is provided regarding the cloning of samples prior to sequencing.,"The paper does not mention any cloning process for the samples, indicating that this information is not included.",No,1666,8303,9969,21,gpt-4o-mini-2024-07-18,"multi_questions, all_content, wo_cheatsheet",20240806,41d95d6357fd87f1c786b12398e113e1,1,1
10,Did samples undergo single genome sequencing?,No evidence is provided regarding single genome sequencing.,"The paper does not mention single genome sequencing, indicating that this information is not included.",No,1666,8303,9969,21,gpt-4o-mini-2024-07-18,"multi_questions, all_content, wo_cheatsheet",20240806,41d95d6357fd87f1c786b12398e113e1,1,1
11,What clinical specimens were sequenced?,The HIV Genotyping Laboratory at Charlotte Maxeke Johannesburg Academic Hospital accepts and processes samples for HIV drug resistance testing from any government health facility in the country.,The evidence does not specify the exact type of clinical specimens but implies that they are patient samples processed for HIV drug resistance testing.,Other,1666,8303,9969,21,gpt-4o-mini-2024-07-18,"multi_questions, all_content, wo_cheatsheet",20240806,41d95d6357fd87f1c786b12398e113e1,1,1
12,Were any sequences obtained from individuals with virological failure on a treatment regimen?,"All patients need to have proof of virological failure, which is defined as at least one HIV viral load >1000 copies/ml.","The evidence states that the patients included in the study had to demonstrate virological failure, confirming that sequences were obtained from such individuals.",Yes,1666,8303,9969,21,gpt-4o-mini-2024-07-18,"multi_questions, all_content, wo_cheatsheet",20240806,41d95d6357fd87f1c786b12398e113e1,1,1
13,Were any sequences obtained from the proviral DNA reservoir?,No evidence is provided regarding the proviral DNA reservoir.,"The paper does not mention any sequences obtained from the proviral DNA reservoir, indicating that this information is not included.",No,1666,8303,9969,21,gpt-4o-mini-2024-07-18,"multi_questions, all_content, wo_cheatsheet",20240806,41d95d6357fd87f1c786b12398e113e1,1,1
14,Were the patients in the study in a clinical trial?,The study was conducted with Ethical clearance by the Research on Human Subjects (Medical) Committee at the University of the Witwatersrand.,"The evidence does not indicate that the patients were part of a clinical trial, suggesting that this information is not included.",No,1666,8303,9969,21,gpt-4o-mini-2024-07-18,"multi_questions, all_content, wo_cheatsheet",20240806,41d95d6357fd87f1c786b12398e113e1,1,1
15,How many individuals had samples obtained for HIV sequencing?,"A retrospective dataset of 354 antiretroviral drug resistant genotypes from children failing either abacavir (n = 81) or stavudine (n = 273) based 1 ^st^ -line regimens, was analysed.","The evidence specifies that 354 genotypes were analyzed, indicating the number of individuals from whom samples were obtained.",354,1666,8303,9969,21,gpt-4o-mini-2024-07-18,"multi_questions, all_content, wo_cheatsheet",20240806,41d95d6357fd87f1c786b12398e113e1,1,1
16,Does the paper report HIV sequences from individuals who had previously received ARV drugs?,"The effect of prior exposure to d4T in the ABC-group was assessed by comparing the prevalence of each mutation between the children who had only been exposed to ABC-based regimens versus those who were currently failing and ABC-based regimen, but had prior exposure to d4T.","The evidence discusses the prior exposure of individuals to ARV drugs, confirming that the paper reports sequences from such individuals.",Yes,1666,8303,9969,21,gpt-4o-mini-2024-07-18,"multi_questions, all_content, wo_cheatsheet",20240806,41d95d6357fd87f1c786b12398e113e1,1,1
17,Which drug classes were received by individuals in the study before sample sequencing?,"Most children (n = 279, 75.4%) were failing a d4T-containing regimen, after median time of exposure to that regimen of 34 months. An additional 91 children (24.6%) were failing ABC-based regimens at the time of HIV drug resistance testing.","The evidence indicates that individuals were treated with d4T and ABC, which are both NRTI drug classes, confirming that these drug classes were received prior to sequencing.",NRTI,1666,8303,9969,21,gpt-4o-mini-2024-07-18,"multi_questions, all_content, wo_cheatsheet",20240806,41d95d6357fd87f1c786b12398e113e1,1,1
18,Which drugs were received by individuals in the study before sample sequencing?,"Most children (n = 279, 75.4%) were failing a d4T-containing regimen. An additional 91 children (24.6%) were failing ABC-based regimens.","The evidence specifies that individuals were treated with d4T and ABC, indicating that these specific drugs were received prior to sequencing.","Stavudine (D4T), Abacavir (ABC)",1666,8303,9969,21,gpt-4o-mini-2024-07-18,"multi_questions, all_content, wo_cheatsheet",20240806,41d95d6357fd87f1c786b12398e113e1,1,1
19,Were sequences from the paper made publicly available?,The *pol* nucleotide sequences were submitted to GenBank using Sequin v9.50 and are available under accession numbers KJ176285 to KJ176654.,"The evidence states that the sequences were submitted to GenBank and are available, confirming that they were made publicly available.",Yes,1666,8303,9969,21,gpt-4o-mini-2024-07-18,"multi_questions, all_content, wo_cheatsheet",20240806,41d95d6357fd87f1c786b12398e113e1,1,1
