question_id,question,answer,explain,sentences,confidence,completion_tokens,prompt_tokens,total_tokens,seconds,model,chat_mode,date,md5,#batches,run_number
1,Does the paper report HIV sequences from patient samples?,Yes,"The paper discusses the evolution of resistance to dolutegravir in a highly treatment-experienced patient. It mentions genotypic and phenotypic analyses done on longitudinal samples to determine viral resistance, indicating that HIV sequences from patient samples were indeed reported.","""Here, we report the evolution of resistance to dolutegravir in a highly treatment-experienced patient harbouring the major N155H mutation consequent to raltegravir treatment failure.""; ""Genotypic and phenotypic analyses were done on longitudinal samples to determine viral resistance to INIs.""; ""The full-length integrase (867 bp) and protease/reverse transcriptase (1467 bp) genes were analysed by nested RT--PCR and sequenced using the BigDye Terminator Cycle Sequencing v1.0 Ready Reaction kit (Life Technologies), as previously described.""",100%,2310,6264,8574,26,gpt-4o,"multi_questions, all_content, wo_cheatsheet",20240711,a657f764997250cce911d9a9171d7f09,1,1
2,Does the paper report in vitro drug susceptibility data?,Yes,"The paper mentions phenotypic resistance analysis, which involves testing the susceptibility of the virus to various drugs in vitro. This is evident from the mention of phenotypic susceptibility assays performed by Monogram Biosciences.","""Phenotypic resistance analysis; The previously genotyped plasmas were sent for analysis of phenotypic susceptibility to INIs, NRTIs, NNRTIs and PIs to Monogram Biosciences, where the highly sensitive phenotypic resistance assays PhenoSense® and PhenoSense® Integrase (Monogram Biosciences) were performed.""",100%,2310,6264,8574,26,gpt-4o,"multi_questions, all_content, wo_cheatsheet",20240711,a657f764997250cce911d9a9171d7f09,1,1
3,What were the GenBank accession numbers for sequenced HIV isolates?,Not reported,The paper does not provide any GenBank accession numbers for the sequenced HIV isolates. There is no mention of accession numbers in the provided content.,Not applicable,100%,2310,6264,8574,26,gpt-4o,"multi_questions, all_content, wo_cheatsheet",20240711,a657f764997250cce911d9a9171d7f09,1,1
4,Which HIV species were studied in the paper?,HIV-1,"The paper specifically mentions the use of the Versant HIV-1 RNA 3.0 assay and the Abbott Real-Time HIV-1 kit for measuring HIV RNA plasma viral loads, indicating that the study focused on HIV-1.","""HIV RNA plasma viral loads were determined using the Versant HIV-1 RNA 3.0 assay (bDNA, Bayer HealthCare) until June 2010 and the Abbott Real-Time HIV-1 kit thereafter.""",100%,2310,6264,8574,26,gpt-4o,"multi_questions, all_content, wo_cheatsheet",20240711,a657f764997250cce911d9a9171d7f09,1,1
5,Which HIV genes were reported to have been sequenced?,"Integrase, IN; Protease, PR; Reverse transcriptase, RT",The paper mentions the sequencing of the full-length integrase gene and the protease/reverse transcriptase genes. These genes were analyzed by nested RT-PCR and sequenced using the BigDye Terminator Cycle Sequencing kit.,"""The full-length integrase (867 bp) and protease/reverse transcriptase (1467 bp) genes were analysed by nested RT--PCR and sequenced using the BigDye Terminator Cycle Sequencing v1.0 Ready Reaction kit (Life Technologies), as previously described.""",100%,2310,6264,8574,26,gpt-4o,"multi_questions, all_content, wo_cheatsheet",20240711,a657f764997250cce911d9a9171d7f09,1,1
6,From which countries were the sequenced samples obtained?,Not Found,The paper does not mention the specific countries from which the sequenced samples were obtained. There is no information regarding the geographical origin of the samples in the provided content.,Not applicable,100%,2310,6264,8574,26,gpt-4o,"multi_questions, all_content, wo_cheatsheet",20240711,a657f764997250cce911d9a9171d7f09,1,1
7,From what years were the sequenced samples obtained?,2009-2013,"The paper provides a timeline of the patient's treatment and the acquisition of resistance mutations, indicating that the sequenced samples were obtained between 2009 and 2013.","""To model interactions of integrase with raltegravir and dolutegravir, integrase amino acid sequences prior to treatment with INIs (29 August 2009) and following raltegravir failure (16 February 2012) and dolutegravir failure (30 October 2013) were submitted to the I-TASSER 3D protein prediction server, as previously described.""",100%,2310,6264,8574,26,gpt-4o,"multi_questions, all_content, wo_cheatsheet",20240711,a657f764997250cce911d9a9171d7f09,1,1
8,What method was used for sequencing?,Sanger sequencing,"The paper mentions the use of the BigDye Terminator Cycle Sequencing v1.0 Ready Reaction kit, which is a method associated with Sanger sequencing.","""The full-length integrase (867 bp) and protease/reverse transcriptase (1467 bp) genes were analysed by nested RT--PCR and sequenced using the BigDye Terminator Cycle Sequencing v1.0 Ready Reaction kit (Life Technologies), as previously described.""",100%,2310,6264,8574,26,gpt-4o,"multi_questions, all_content, wo_cheatsheet",20240711,a657f764997250cce911d9a9171d7f09,1,1
9,Were samples cloned prior to sequencing?,No,The paper does not mention any cloning of samples prior to sequencing. The methods section describes the sequencing process but does not include any steps involving cloning.,Not applicable,100%,2310,6264,8574,26,gpt-4o,"multi_questions, all_content, wo_cheatsheet",20240711,a657f764997250cce911d9a9171d7f09,1,1
10,Did samples undergo single genome sequencing?,No,"The paper does not mention the use of single genome sequencing. The sequencing method described involves nested RT-PCR and Sanger sequencing, which are not single genome sequencing techniques.",Not applicable,100%,2310,6264,8574,26,gpt-4o,"multi_questions, all_content, wo_cheatsheet",20240711,a657f764997250cce911d9a9171d7f09,1,1
11,What clinical specimens were sequenced?,Plasma,"The paper mentions that HIV RNA plasma viral loads were determined, indicating that plasma was the clinical specimen used for sequencing.","""HIV RNA plasma viral loads were determined using the Versant HIV-1 RNA 3.0 assay (bDNA, Bayer HealthCare) until June 2010 and the Abbott Real-Time HIV-1 kit thereafter.""",100%,2310,6264,8574,26,gpt-4o,"multi_questions, all_content, wo_cheatsheet",20240711,a657f764997250cce911d9a9171d7f09,1,1
12,Were any sequences obtained from individuals with virological failure on a treatment regimen?,Yes,"The paper discusses the evolution of resistance to dolutegravir in a patient who experienced treatment failure with raltegravir and dolutegravir, indicating that sequences were obtained from an individual with virological failure.","""Here, we report the evolution of resistance to dolutegravir in a highly treatment-experienced patient harbouring the major N155H mutation consequent to raltegravir treatment failure.""; ""The patient developed treatment failure with 63.6-fold resistance to dolutegravir and a maximum of 150-fold cross-resistance to raltegravir and elvitegravir.""",100%,2310,6264,8574,26,gpt-4o,"multi_questions, all_content, wo_cheatsheet",20240711,a657f764997250cce911d9a9171d7f09,1,1
13,Were any sequences obtained from the proviral DNA reservoir?,No,The paper does not mention obtaining sequences from the proviral DNA reservoir. The focus is on plasma viral loads and resistance mutations in the integrase gene.,Not applicable,100%,2310,6264,8574,26,gpt-4o,"multi_questions, all_content, wo_cheatsheet",20240711,a657f764997250cce911d9a9171d7f09,1,1
14,Were the patients in the study in a clinical trial?,No,The paper does not mention that the patient was part of a clinical trial. The study appears to be a case report of a single patient with a detailed history of treatment and resistance development.,Not applicable,100%,2310,6264,8574,26,gpt-4o,"multi_questions, all_content, wo_cheatsheet",20240711,a657f764997250cce911d9a9171d7f09,1,1
15,How many individuals had samples obtained for HIV sequencing?,1,"The paper focuses on a single patient who was heavily treatment-experienced and had developed resistance to multiple drugs, including dolutegravir.","""Here, we report the evolution of resistance to dolutegravir in a highly treatment-experienced patient harbouring the major N155H mutation consequent to raltegravir treatment failure.""; ""This patient had been under HIV treatment for 20 years and had received drugs against all available ARV targets, including raltegravir (5 October 2009 to 21 April 2010; 11 May 2011 to 15 February 2012) and dolutegravir (15 February 2012 to 10 March 2014).""",100%,2310,6264,8574,26,gpt-4o,"multi_questions, all_content, wo_cheatsheet",20240711,a657f764997250cce911d9a9171d7f09,1,1
16,Does the paper report HIV sequences from individuals who had previously received ARV drugs?,Yes,"The paper discusses a patient who had been under HIV treatment for 20 years and had received drugs against all available ARV targets, indicating that the individual had previously received ARV drugs.","""This patient had been under HIV treatment for 20 years and had received drugs against all available ARV targets, including raltegravir (5 October 2009 to 21 April 2010; 11 May 2011 to 15 February 2012) and dolutegravir (15 February 2012 to 10 March 2014).""",100%,2310,6264,8574,26,gpt-4o,"multi_questions, all_content, wo_cheatsheet",20240711,a657f764997250cce911d9a9171d7f09,1,1
17,Which drug classes were received by individuals in the study before sample sequencing?,"NRTI, NNRTI, PI, INSTI","The paper mentions that the patient had received drugs against all available ARV targets, including NRTIs, NNRTIs, PIs, and INIs (integrase inhibitors).","""This patient had been under HIV treatment for 20 years and had received drugs against all available ARV targets, including raltegravir (5 October 2009 to 21 April 2010; 11 May 2011 to 15 February 2012) and dolutegravir (15 February 2012 to 10 March 2014).""; ""Genotypic analysis revealed a dominant MDR virus harbouring mutations conferring resistance to NRTIs (M41L, D67N, V118I, M184V, L210W, T215Y) and NNRTIs (K101P, K103N/S, V108I, V179T, V189I), as well as PIs (L10F, I13V, K20M, V32I, L33F, M36I, M46L, I54L, K55R, L63P, A71I, G73A, I84V, L90M).""",100%,2310,6264,8574,26,gpt-4o,"multi_questions, all_content, wo_cheatsheet",20240711,a657f764997250cce911d9a9171d7f09,1,1
18,Which drugs were received by individuals in the study before sample sequencing?,"Raltegravir (RAL), Dolutegravir (DTG), Tenofovir (TFV), Tipranavir (TPV)","The paper mentions that the patient had received raltegravir and dolutegravir, and had limited residual activity for tenofovir and tipranavir, indicating that these drugs were part of the treatment regimen.","""This patient had been under HIV treatment for 20 years and had received drugs against all available ARV targets, including raltegravir (5 October 2009 to 21 April 2010; 11 May 2011 to 15 February 2012) and dolutegravir (15 February 2012 to 10 March 2014).""; ""As expected, the viral population showed multiclass drug resistance to all ARV drugs, with limited residual activity for tenofovir and tipranavir.""",100%,2310,6264,8574,26,gpt-4o,"multi_questions, all_content, wo_cheatsheet",20240711,a657f764997250cce911d9a9171d7f09,1,1
